project,target,configuration,hash,code,status,start,end
data-api,build,,15912319208645560904,0,success,1722110250859,1722110252404
data-api,serve,development,14098373735722913970,1,failure,1722110250568,1722110252419
data-api,build,,15912319208645560904,0,local-cache-kept-existing,1722110301563,1722110301582
data-api,build,,15912319208645560904,0,local-cache-kept-existing,1722110320442,1722110320462
data-api,build,,6306754463283890098,0,success,1722110336035,1722110337455
data-api,build,,1165001289842447534,0,success,1722111756120,1722111757828
data-api,build,,12360035171679966415,0,success,1722111849656,1722111851064
data-api,build,,6418017874033508874,0,success,1722126922689,1722126924371
data-api,build,,13340512152340523116,0,success,1722130791199,1722130793157
data-api,build,,3079652684715143069,0,success,1722130911335,1722130912757
data-api,build,,9321961609824437210,0,success,1722523654481,1722523656254
data-api,build,,3148366186645892722,0,success,1722561119412,1722561121263
data-api,build,,3148366186645892722,0,local-cache-kept-existing,1722561171869,1722561171893
data-api,build,,3148366186645892722,0,local-cache-kept-existing,1722561191845,1722561191867
data-api,build,,8826022531463194386,0,success,1722561198762,1722561200678
data-api,build,,8826022531463194386,0,local-cache-kept-existing,1722561332231,1722561332254
data-api,build,,8826022531463194386,0,local-cache-kept-existing,1722561795479,1722561795502
data-api,build,,7452919519923147472,0,success,1722561852268,1722561853911
data-api,build,,15479446063529094262,0,success,1722562361766,1722562363512
data-api,build,,7452919519923147472,0,local-cache,1722562380564,1722562380587
data-api,build,,2822009003003549187,0,success,1722562461082,1722562462671
data-api,build,,10363943576889248227,0,success,1722562534682,1722562536262
data-api,build,,5465865824792288539,0,success,1722562546113,1722562547644
data-api,build,,12613540557003367158,0,success,1722563468776,1722563470495
data-api,build,,11072740968212591273,0,success,1722563474629,1722563476239
data-api,build,,1408251634916903333,0,success,1722563519879,1722563521410
data-api,build,,6542695177806985001,0,success,1722563636464,1722563638071
data-api,build,,17521534798442293650,0,success,1722563680668,1722563682181
data-api,build,,17521534798442293650,0,local-cache-kept-existing,1722563683601,1722563683623
data-api,build,,8985598899845863796,0,success,1722822206822,1722822208836
data-api,serve,development,2311139251834895410,1,failure,1722822206491,1722822208854
data-api,build,,8985598899845863796,0,local-cache,1722822372112,1722822372133
data-api,serve,development,2311139251834895410,1,failure,1722822371797,1722822372479
data-api,build,,8985598899845863796,0,local-cache-kept-existing,1722822490825,1722822490846
data-api,build,,3223573876144234740,0,success,1723396404325,1723396406264
data-api,build,,3223573876144234740,0,local-cache-kept-existing,1723396564736,1723396564856
data-api,build,,3223573876144234740,0,local-cache-kept-existing,1723396651513,1723396651537
data-api,build,,3223573876144234740,0,local-cache-kept-existing,1723396772487,1723396772511
data-api,build,,3223573876144234740,0,local-cache-kept-existing,1723398801211,1723398801246
data-api,build,,3223573876144234740,0,local-cache-kept-existing,1723398863406,1723398863429
data-api,build,,8593836488512182467,0,success,1723399673744,1723399675685
data-api,build,,6669322700935388901,0,success,1723399719579,1723399721165
data-api,build,,3223573876144234740,0,local-cache,1723399802511,1723399802534
data-api,build,,3223573876144234740,0,local-cache,1723400507466,1723400507490
data-api,build,,8651824439471939211,0,success,1723400569839,1723400571638
data-api,build,,3818344454216902628,0,success,1723400605933,1723400607486
data-api,build,,3223573876144234740,0,local-cache,1723400625047,1723400625072
data-api,build,,3223573876144234740,0,local-cache-kept-existing,1723400766174,1723400766194
data-api,build,,3223573876144234740,0,local-cache-kept-existing,1723400774955,1723400774975
data-api,build,,3223573876144234740,0,local-cache-kept-existing,1723400811866,1723400811887
data-api,build,,3223573876144234740,0,local-cache-kept-existing,1723400854313,1723400854334
data-api,build,,3223573876144234740,0,local-cache-kept-existing,1723400998727,1723400998748
data-api,build,,3223573876144234740,0,local-cache-kept-existing,1723401039297,1723401039317
data-api,build,,3223573876144234740,0,local-cache-kept-existing,1723401092053,1723401092073
data-api,build,,3223573876144234740,0,local-cache-kept-existing,1723401175834,1723401175854
data-api,build,,3223573876144234740,0,local-cache-kept-existing,1723401202516,1723401202536
data-api,build,,3223573876144234740,0,local-cache-kept-existing,1723401303631,1723401303654
data-api,build,,5070972492975980035,0,success,1723401346387,1723401348297
data-api,build,,5070972492975980035,0,local-cache-kept-existing,1723401384315,1723401384335
data-api,build,,5070972492975980035,0,local-cache-kept-existing,1723401412776,1723401412797
data-api,build,,5070972492975980035,0,local-cache-kept-existing,1723412296612,1723412296634
data-api,build,,12147480751778328547,0,success,1723413156689,1723413158488
data-api,build,,12147480751778328547,0,local-cache-kept-existing,1723417027580,1723417027604
data-api,build,,8935001469116664098,1,failure,1723417258302,1723417260164
data-api,build,,15585963431675219673,1,failure,1723417300249,1723417301643
data-api,build,,10811469564369676029,1,failure,1723417313697,1723417315123
data-api,build,,16902217210460811174,0,success,1723422302274,1723422304312
data-api,build,,16902217210460811174,0,local-cache-kept-existing,1723422491086,1723422491121
data-api,build,,11059969708132731627,1,failure,1723423260009,1723423261945
data-api,build,,11059969708132731627,1,failure,1723423276749,1723423278287
data-api,build,,11059969708132731627,1,failure,1723423298055,1723423299651
data-api,build,,8200551241270412582,0,success,1723423331365,1723423332934
data-api,build,,8200551241270412582,0,local-cache-kept-existing,1723423367768,1723423367788
data-api,build,,11059969708132731627,1,failure,1723424832181,1723424834218
data-api,build,,16902217210460811174,0,local-cache,1723424835526,1723424835549
data-api,build,,16902217210460811174,0,local-cache-kept-existing,1723424839922,1723424839943
data-api,build,,8546353990481120071,1,failure,1723510482150,1723510483846
data-api,build,,2756793826845983285,0,success,1723510509476,1723510511007
data-api,build,,2756793826845983285,0,local-cache,1723558964904,1723558964929
data-api,build,,2756793826845983285,0,local-cache-kept-existing,1723559047780,1723559047803
data-api,build,,2756793826845983285,0,local-cache-kept-existing,1723560726527,1723560726550
data-api,build,,2756793826845983285,0,local-cache-kept-existing,1723560821383,1723560821404
data-api,build,,2756793826845983285,0,local-cache-kept-existing,1723560861675,1723560861702
data-api,build,,2756793826845983285,0,local-cache-kept-existing,1723560872394,1723560872414
data-api,build,,2756793826845983285,0,local-cache-kept-existing,1723560881763,1723560881785
data-api,build,,2756793826845983285,0,local-cache-kept-existing,1723560888612,1723560888631
data-api,build,,2756793826845983285,0,local-cache-kept-existing,1723560895662,1723560895683
data-api,build,,2756793826845983285,0,local-cache-kept-existing,1723560953318,1723560953338
data-api,build,,2756793826845983285,0,local-cache-kept-existing,1723560965178,1723560965198
data-api,build,,2756793826845983285,0,local-cache-kept-existing,1723560982305,1723560982327
data-api,build,,2756793826845983285,0,local-cache-kept-existing,1723560997961,1723560997981
data-api,build,,2756793826845983285,0,local-cache-kept-existing,1723561065474,1723561065495
data-api,build,,2756793826845983285,0,local-cache-kept-existing,1723561195001,1723561195022
data-api,build,,2756793826845983285,0,local-cache-kept-existing,1723561214732,1723561214753
data-api,build,,2756793826845983285,0,local-cache-kept-existing,1723561219804,1723561219826
data-api,build,,2756793826845983285,0,local-cache-kept-existing,1723561224606,1723561224626
data-api,build,,2756793826845983285,0,local-cache-kept-existing,1723561239257,1723561239276
data-api,build,,2756793826845983285,0,local-cache-kept-existing,1723561252233,1723561252253
data-api,build,,2756793826845983285,0,local-cache-kept-existing,1723561513545,1723561513571
data-api,build,,2756793826845983285,0,local-cache-kept-existing,1723561774755,1723561774778
data-api,build,,2756793826845983285,0,local-cache-kept-existing,1723562092539,1723562092567
data-api,build,,2756793826845983285,0,local-cache-kept-existing,1723562147588,1723562147614
data-api,build,,2756793826845983285,0,local-cache-kept-existing,1723562202903,1723562202923
data-api,build,,2756793826845983285,0,local-cache-kept-existing,1723562207903,1723562207923
data-api,build,,2756793826845983285,0,local-cache-kept-existing,1723562377657,1723562377679
data-api,build,,2756793826845983285,0,local-cache-kept-existing,1723562656686,1723562656707
data-api,build,,2756793826845983285,0,local-cache-kept-existing,1723563325850,1723563325869
data-api,build,,2756793826845983285,0,local-cache-kept-existing,1723563699816,1723563699839
data-api,build,,2756793826845983285,0,local-cache-kept-existing,1723563814448,1723563814472
data-api,build,,2756793826845983285,0,local-cache-kept-existing,1723564041525,1723564041551
data-api,build,,2756793826845983285,0,local-cache-kept-existing,1723564092377,1723564092399
data-api,build,,11590789159342214168,0,success,1723818954803,1723818956619
data-api,build,,11590789159342214168,0,local-cache-kept-existing,1723819081523,1723819081542
data-api,build,,11590789159342214168,0,local-cache-kept-existing,1723819129417,1723819129444
data-api,build,,11590789159342214168,0,local-cache-kept-existing,1723819129417,1723819129444
data-api,build,,11590789159342214168,0,local-cache-kept-existing,1723819444956,1723819444978
data-api,build,,11590789159342214168,0,local-cache-kept-existing,1723819886002,1723819886023
data-api,build,,11590789159342214168,0,local-cache-kept-existing,1723819906303,1723819906324
data-api,build,,9527407581085125266,0,success,1723822182376,1723822184607
data-api,build,,9527407581085125266,0,success,1723822182376,1723822184609
data-api,build,,9527407581085125266,0,local-cache-kept-existing,1723822417433,1723822417459
data-api,build,,9527407581085125266,0,local-cache-kept-existing,1723822417433,1723822417459
data-api,build,,2949915559995671479,0,success,1723824299528,1723824301928
data-api,build,,2949915559995671479,0,success,1723824299499,1723824301941
data-api,build,,2949915559995671479,0,success,1723824299527,1723824301946
data-api,build,,2949915559995671479,0,success,1723824299496,1723824302030
data-api,build,,2949915559995671479,0,local-cache-kept-existing,1723824312592,1723824312621
data-api,build,,2949915559995671479,0,local-cache-kept-existing,1723824312593,1723824312621
data-api,build,,3091119985083794228,0,success,1723824422930,1723824424580
data-api,build,,3091119985083794228,0,success,1723824422930,1723824424583
data-api,build,,14130968939083834063,0,success,1723842775581,1723842777615
data-api,build,,14130968939083834063,0,success,1723842775581,1723842777617
data-api,build,,9492539922687888744,0,success,1723842912705,1723842914934
data-api,build,,9492539922687888744,0,success,1723842912542,1723842914935
data-api,build,,9492539922687888744,0,success,1723842912564,1723842914946
data-api,build,,9492539922687888744,0,success,1723842912759,1723842914950
data-api,build,,14017137709286714899,0,success,1723842928792,1723842930434
data-api,build,,14017137709286714899,0,success,1723842928792,1723842930482
data-api,build,,678021931151197038,0,success,1723843350895,1723843352604
data-api,build,,678021931151197038,0,success,1723843350895,1723843352635
data-api,build,,7982412489374630344,0,success,1723843362734,1723843364325
data-api,build,,7982412489374630344,0,success,1723843362734,1723843364325
data-api,build,,7982412489374630344,0,local-cache-kept-existing,1723843830992,1723843831018
data-api,build,,7982412489374630344,0,local-cache-kept-existing,1723843830992,1723843831017
data-api,build,,7982412489374630344,0,local-cache-kept-existing,1723843891192,1723843891219
data-api,build,,7982412489374630344,0,local-cache-kept-existing,1723843891191,1723843891219
data-api,build,,7982412489374630344,0,local-cache-kept-existing,1723843927625,1723843927652
data-api,build,,7982412489374630344,0,local-cache-kept-existing,1723843927625,1723843927653
data-api,build,,7982412489374630344,0,local-cache-kept-existing,1723843944918,1723843944943
data-api,build,,7982412489374630344,0,local-cache-kept-existing,1723843944918,1723843944943
data-api,build,,7982412489374630344,0,local-cache-kept-existing,1723844040035,1723844040061
data-api,build,,7982412489374630344,0,local-cache-kept-existing,1723844040035,1723844040061
data-api,build,,7982412489374630344,0,local-cache-kept-existing,1723844070616,1723844070641
data-api,build,,7982412489374630344,0,local-cache-kept-existing,1723844070616,1723844070642
data-api,build,,8266322546576018850,1,failure,1723844187802,1723844189515
data-api,build,,8266322546576018850,1,failure,1723844187802,1723844189528
data-api,build,,8266322546576018850,1,failure,1723844366246,1723844367969
data-api,build,,8266322546576018850,1,failure,1723844366247,1723844367974
data-api,build,,8266322546576018850,1,failure,1723844372641,1723844374237
data-api,build,,8266322546576018850,1,failure,1723844372642,1723844374287
data-api,build,,9061658778159408572,1,failure,1723854811507,1723854813591
data-api,build,,9061658778159408572,1,failure,1723854811507,1723854813640
data-api,build,,9007694976934855513,1,failure,1723854828905,1723854830653
data-api,build,,9007694976934855513,1,failure,1723854828905,1723854830653
data-api,build,,13492386711519430250,0,success,1723854955841,1723854957529
data-api,build,,13492386711519430250,0,success,1723854955841,1723854957529
data-api,build,,13492386711519430250,0,local-cache-kept-existing,1723855038736,1723855038761
data-api,build,,13492386711519430250,0,local-cache-kept-existing,1723855038735,1723855038761
data-api,build,,3242430856421691107,0,success,1723855168248,1723855169970
data-api,build,,3242430856421691107,0,local-cache-kept-existing,1723855701508,1723855701534
data-api,build,,3242430856421691107,0,local-cache-kept-existing,1723856365451,1723856365471
data-api,build,,3242430856421691107,0,local-cache-kept-existing,1723856906620,1723856906643
data-api,build,,3242430856421691107,0,local-cache-kept-existing,1723857039736,1723857039758
data-api,build,,3242430856421691107,0,local-cache-kept-existing,1723857199869,1723857199890
data-api,build,,3242430856421691107,0,local-cache-kept-existing,1723857273378,1723857273399
data-api,build,,3242430856421691107,0,local-cache-kept-existing,1723857287066,1723857287088
data-api,build,,3242430856421691107,0,local-cache-kept-existing,1723857355581,1723857355601
data-api,build,,3242430856421691107,0,local-cache-kept-existing,1723857392592,1723857392613
data-api,build,,3242430856421691107,0,local-cache-kept-existing,1723857547241,1723857547264
data-api,build,,3242430856421691107,0,local-cache-kept-existing,1723857763318,1723857763339
data-api,build,,3242430856421691107,0,local-cache-kept-existing,1723857783562,1723857783583
data-api,build,,3242430856421691107,0,local-cache-kept-existing,1723858176951,1723858176971
data-api,build,,137984836959826282,0,success,1723858473173,1723858475087
data-api,build,,8685366259512254068,1,failure,1723858804606,1723858806222
data-api,build,,8685366259512254068,1,failure,1723858810716,1723858812238
data-api,build,,8685366259512254068,1,failure,1723858912332,1723858913736
data-api,build,,4819997733296571177,0,success,1723859168016,1723859169657
data-api,build,,10919704349413593403,0,success,1723859405326,1723859406938
data-api,build,,10919704349413593403,0,local-cache-kept-existing,1723859447879,1723859447902
data-api,build,,7677924018931040963,0,success,1723859725635,1723859727304
data-api,build,,7677924018931040963,0,local-cache-kept-existing,1723859778505,1723859778528
data-api,build,,7677924018931040963,0,local-cache-kept-existing,1723859796104,1723859796125
